{
  "version": "1.0",
  "description": "变量命名词汇映射配置文件 - 该文件定义了中文到英文的词汇映射和停用词规则",
  "mappings": {
    "用户": "user",
    "名称": "name",
    "地址": "address",
    "电话": "phone",
    "邮箱": "email",
    "密码": "password",
    "时间": "time",
    "日期": "date",
    "数量": "quantity",
    "价格": "price",
    "状态": "status",
    "类型": "type",
    "类别": "category",
    "描述": "description",
    "内容": "content",
    "标题": "title",
    "标签": "tag",
    "图片": "image",
    "文件": "file",
    "数据": "data",
    "信息": "info",
    "配置": "config",
    "设置": "setting",
    "选项": "option",
    "参数": "parameter",
    "结果": "result",
    "响应": "response",
    "请求": "request",
    "错误": "error",
    "警告": "warning",
    "成功": "success",
    "失败": "failure",
    "订单": "order",
    "产品": "product",
    "商品": "item",
    "库存": "inventory",
    "支付": "payment",
    "退款": "refund",
    "客户": "customer",
    "供应商": "supplier",
    "员工": "employee",
    "部门": "department",
    "公司": "company",
    "项目": "project",
    "任务": "task",
    "计划": "plan",
    "报告": "report",
    "创建": "create",
    "编辑": "edit",
    "删除": "delete",
    "更新": "update",
    "查询": "query",
    "搜索": "search",
    "导入": "import",
    "导出": "export",
    "下载": "download",
    "上传": "upload",
    "登录": "login",
    "登出": "logout",
    "注册": "register",
    "激活": "activate",
    "禁用": "disable",
    "启用": "enable"
  },
  "stop_words": [
    "的", "了", "和", "与", "或", "但是", "不过", "然而", "因为", "所以", "如果", "假如",
    "在", "于", "对", "对于", "关于", "至于", "从", "到", "往", "向", "朝", "沿着",
    "的", "地", "得", "所", "而", "之", "乎", "者", "也", "矣", "焉", "哉", "兮",
    "the", "a", "an", "and", "or", "but", "however", "because", "so", "if",
    "in", "on", "at", "to", "from", "with", "for", "of", "about", "regarding",
    "is", "are", "was", "were", "be", "been", "being", "have", "has", "had",
    "do", "does", "did", "will", "would", "could", "should", "may", "might", "can"
  ]
}